Product_Id,Product_Name,Brand_Name,Price,Product_Category,Product_url,Image_url,Tag,Product_Rank,Page_number,Page_Url,Category_url
639421,PLUS Kruimige aardappelen,PLUS,3.89,"Aardappelen, groente, fruit/Aardappelen/Aardappelen ongeschild",https://www.plus.nl/product/plus-kruimige-aardappelen-zak-2500-gram-639421,https://www.plus.nl/INTERSHOP/static/WFS/PLUS-website-Site/-/-/nl_NL/images/icon/default_img_ML.png,,1,1,https://www.plus.nl/producten/aardappelen-groente-fruit/aardappelen?PageNumber=1&PageSize=12,https://www.plus.nl/producten/aardappelen-groente-fruit/aardappelen
973992,PLUS Minikrieltjes,PLUS,0.85,"Aardappelen, groente, fruit/Aardappelen/Panklare aardappelen",https://www.plus.nl/product/plus-minikrieltjes-zak-450-gram-973992,https://www.plus.nl/INTERSHOP/static/WFS/PLUS-website-Site/-/-/nl_NL/images/icon/default_img_ML.png,,2,1,https://www.plus.nl/producten/aardappelen-groente-fruit/aardappelen?PageNumber=1&PageSize=12,https://www.plus.nl/producten/aardappelen-groente-fruit/aardappelen
180643,PLUS Aardappelschijfjes,PLUS,1.09,"Aardappelen, groente, fruit/Aardappelen/Panklare aardappelen",https://www.plus.nl/product/plus-aardappelschijfjes-zak-600-gram-180643,https://www.plus.nl/INTERSHOP/static/WFS/PLUS-website-Site/-/-/nl_NL/images/icon/default_img_ML.png,Laagblijver,3,1,https://www.plus.nl/producten/aardappelen-groente-fruit/aardappelen?PageNumber=1&PageSize=12,https://www.plus.nl/producten/aardappelen-groente-fruit/aardappelen
984977,PLUS Vastkokende aardappelen,PLUS,3.89,"Aardappelen, groente, fruit/Aardappelen/Aardappelen ongeschild",https://www.plus.nl/product/plus-vastkokende-aardappelen-zak-2500-gram-984977,https://www.plus.nl/INTERSHOP/static/WFS/PLUS-website-Site/-/-/nl_NL/images/icon/default_img_ML.png,,4,1,https://www.plus.nl/producten/aardappelen-groente-fruit/aardappelen?PageNumber=1&PageSize=12,https://www.plus.nl/producten/aardappelen-groente-fruit/aardappelen
180647,PLUS Bistro minikrieltjes,PLUS,0.91,"Aardappelen, groente, fruit/Aardappelen/Panklare aardappelen",https://www.plus.nl/product/plus-bistro-minikrieltjes-zak-450-gram-180647,https://www.plus.nl/INTERSHOP/static/WFS/PLUS-website-Site/-/-/nl_NL/images/icon/default_img_ML.png,,5,1,https://www.plus.nl/producten/aardappelen-groente-fruit/aardappelen?PageNumber=1&PageSize=12,https://www.plus.nl/producten/aardappelen-groente-fruit/aardappelen
639418,PLUS Kruimige aardappelen extra groot,PLUS,5.49,"Aardappelen, groente, fruit/Aardappelen/Aardappelen ongeschild",https://www.plus.nl/product/plus-kruimige-aardappelen-extra-groot-zak-5000-gram-639418,https://www.plus.nl/INTERSHOP/static/WFS/PLUS-website-Site/-/-/nl_NL/images/icon/default_img_ML.png,,6,1,https://www.plus.nl/producten/aardappelen-groente-fruit/aardappelen?PageNumber=1&PageSize=12,https://www.plus.nl/producten/aardappelen-groente-fruit/aardappelen
180646,PLUS Minikrieltjes,PLUS,0.93,"Aardappelen, groente, fruit/Aardappelen/Panklare aardappelen",https://www.plus.nl/product/plus-minikrieltjes-zak-600-gram-180646,https://www.plus.nl/INTERSHOP/static/WFS/PLUS-website-Site/-/-/nl_NL/images/icon/default_img_ML.png,Laagblijver,7,1,https://www.plus.nl/producten/aardappelen-groente-fruit/aardappelen?PageNumber=1&PageSize=12,https://www.plus.nl/producten/aardappelen-groente-fruit/aardappelen
973996,PLUS Aardappelschijfjes,PLUS,0.82,"Aardappelen, groente, fruit/Aardappelen/Panklare aardappelen",https://www.plus.nl/product/plus-aardappelschijfjes-zak-450-gram-973996,https://www.plus.nl/INTERSHOP/static/WFS/PLUS-website-Site/-/-/nl_NL/images/icon/default_img_ML.png,,8,1,https://www.plus.nl/producten/aardappelen-groente-fruit/aardappelen?PageNumber=1&PageSize=12,https://www.plus.nl/producten/aardappelen-groente-fruit/aardappelen
976026,PLUS Kilootje aardappelen kruimig,PLUS,1.89,"Aardappelen, groente, fruit/Aardappelen/Aardappelen ongeschild",https://www.plus.nl/product/plus-kilootje-aardappelen-kruimig-zak-1-kilo-976026,https://www.plus.nl/INTERSHOP/static/WFS/PLUS-website-Site/-/-/nl_NL/images/icon/default_img_ML.png,,9,1,https://www.plus.nl/producten/aardappelen-groente-fruit/aardappelen?PageNumber=1&PageSize=12,https://www.plus.nl/producten/aardappelen-groente-fruit/aardappelen
974030,PLUS Bistro minikrieltjes,PLUS,0.99,"Aardappelen, groente, fruit/Aardappelen/Panklare aardappelen",https://www.plus.nl/product/plus-bistro-minikrieltjes-zak-600-gram-974030,https://www.plus.nl/INTERSHOP/static/WFS/PLUS-website-Site/-/-/nl_NL/images/icon/default_img_ML.png,,10,1,https://www.plus.nl/producten/aardappelen-groente-fruit/aardappelen?PageNumber=1&PageSize=12,https://www.plus.nl/producten/aardappelen-groente-fruit/aardappelen
976034,PLUS Kilootje aardappel vastkokend,PLUS,1.89,"Aardappelen, groente, fruit/Aardappelen/Aardappelen ongeschild",https://www.plus.nl/product/plus-kilootje-aardappel-vastkokend-zak-1-kilo-976034,https://www.plus.nl/INTERSHOP/static/WFS/PLUS-website-Site/-/-/nl_NL/images/icon/default_img_ML.png,,11,1,https://www.plus.nl/producten/aardappelen-groente-fruit/aardappelen?PageNumber=1&PageSize=12,https://www.plus.nl/producten/aardappelen-groente-fruit/aardappelen
970562,PLUS Verse frites,PLUS,0.99,"Aardappelen, groente, fruit/Aardappelen/Panklare aardappelen",https://www.plus.nl/product/plus-verse-frites-zak-700-gram-970562,https://www.plus.nl/INTERSHOP/static/WFS/PLUS-website-Site/-/-/nl_NL/images/icon/default_img_ML.png,Laagblijver,12,1,https://www.plus.nl/producten/aardappelen-groente-fruit/aardappelen?PageNumber=1&PageSize=12,https://www.plus.nl/producten/aardappelen-groente-fruit/aardappelen
767165,Ambachtelijke Keuken Rundvlees salade,Ambachtelijke Keuken,2.79,"Kaas, vleeswaren, tapas/Salades/Huzaren-, vlees-, aardappelsalade, slaatje",https://www.plus.nl/product/ambachtelijke-keuken-rundvlees-salade-bak-750-gram-767165,https://www.plus.nl/INTERSHOP/static/WFS/PLUS-website-Site/-/-/nl_NL/images/icon/default_img_ML.png,,13,1,https://www.plus.nl/producten/aardappelen-groente-fruit/aardappelen?PageNumber=1&PageSize=12,https://www.plus.nl/producten/aardappelen-groente-fruit/aardappelen
767197,Ambachtelijke Keuken Aardappelsalade met spekjes,Ambachtelijke Keuken,2.29,"Kaas, vleeswaren, tapas/Salades/Huzaren-, vlees-, aardappelsalade, slaatje",https://www.plus.nl/product/ambachtelijke-keuken-aardappelsalade-met-spekjes-bak-750-gram-767197,https://www.plus.nl/INTERSHOP/static/WFS/PLUS-website-Site/-/-/nl_NL/images/icon/default_img_ML.png,,14,1,https://www.plus.nl/producten/aardappelen-groente-fruit/aardappelen?PageNumber=1&PageSize=12,https://www.plus.nl/producten/aardappelen-groente-fruit/aardappelen
767205,Ambachtelijke Keuken Rundvlees salade,Ambachtelijke Keuken,2.25,"Kaas, vleeswaren, tapas/Salades/Huzaren-, vlees-, aardappelsalade, slaatje",https://www.plus.nl/product/ambachtelijke-keuken-rundvlees-salade-bak-450-gram-767205,https://www.plus.nl/INTERSHOP/static/WFS/PLUS-website-Site/-/-/nl_NL/images/icon/default_img_ML.png,,15,1,https://www.plus.nl/producten/aardappelen-groente-fruit/aardappelen?PageNumber=1&PageSize=12,https://www.plus.nl/producten/aardappelen-groente-fruit/aardappelen
767209,Ambachtelijke Keuken Aardappel vrije uitloop ei salade,Ambachtelijke Keuken,2.19,"Kaas, vleeswaren, tapas/Salades/Huzaren-, vlees-, aardappelsalade, slaatje",https://www.plus.nl/product/ambachtelijke-keuken-aardappel-vrije-uitloop-ei-salade-bak-450-gram-767209,https://www.plus.nl/INTERSHOP/static/WFS/PLUS-website-Site/-/-/nl_NL/images/icon/default_img_ML.png,,16,1,https://www.plus.nl/producten/aardappelen-groente-fruit/aardappelen?PageNumber=1&PageSize=12,https://www.plus.nl/producten/aardappelen-groente-fruit/aardappelen
808143,Ambachtelijke Keuken Aardappel creme fraiche salade,Ambachtelijke Keuken,2.19,"Kaas, vleeswaren, tapas/Salades/Huzaren-, vlees-, aardappelsalade, slaatje",https://www.plus.nl/product/ambachtelijke-keuken-aardappel-creme-fraiche-salade-bak-450-gram-808143,https://www.plus.nl/INTERSHOP/static/WFS/PLUS-website-Site/-/-/nl_NL/images/icon/default_img_ML.png,,17,1,https://www.plus.nl/producten/aardappelen-groente-fruit/aardappelen?PageNumber=1&PageSize=12,https://www.plus.nl/producten/aardappelen-groente-fruit/aardappelen
395119,Ambachtelijke Keuken Aardappel kip samba salade,Ambachtelijke Keuken,2.25,"Kaas, vleeswaren, tapas/Salades/Huzaren-, vlees-, aardappelsalade, slaatje",https://www.plus.nl/product/ambachtelijke-keuken-aardappel-kip-samba-salade-bak-450-gram-395119,https://www.plus.nl/INTERSHOP/static/WFS/PLUS-website-Site/-/-/nl_NL/images/icon/default_img_ML.png,,18,1,https://www.plus.nl/producten/aardappelen-groente-fruit/aardappelen?PageNumber=1&PageSize=12,https://www.plus.nl/producten/aardappelen-groente-fruit/aardappelen
326091,Ambachtelijke Keuken Pasta zongedroogde tomaat salade,Ambachtelijke Keuken,1.99,"Kaas, vleeswaren, tapas/Salades/Huzaren-, vlees-, aardappelsalade, slaatje",https://www.plus.nl/product/ambachtelijke-keuken-pasta-zongedroogde-tomaat-salade-bak-300-gram-326091,https://www.plus.nl/INTERSHOP/static/WFS/PLUS-website-Site/-/-/nl_NL/images/icon/default_img_ML.png,,19,1,https://www.plus.nl/producten/aardappelen-groente-fruit/aardappelen?PageNumber=1&PageSize=12,https://www.plus.nl/producten/aardappelen-groente-fruit/aardappelen
255464,Ambachtelijke Keuken Pastasalade pesto,Ambachtelijke Keuken,2.15,"Kaas, vleeswaren, tapas/Salades/Huzaren-, vlees-, aardappelsalade, slaatje",https://www.plus.nl/product/ambachtelijke-keuken-pastasalade-pesto-bak-300-gram-255464,https://www.plus.nl/INTERSHOP/static/WFS/PLUS-website-Site/-/-/nl_NL/images/icon/default_img_ML.png,,20,1,https://www.plus.nl/producten/aardappelen-groente-fruit/aardappelen?PageNumber=1&PageSize=12,https://www.plus.nl/producten/aardappelen-groente-fruit/aardappelen
395123,Ambachtelijke Keuken Pasta tonijn salade,Ambachtelijke Keuken,2.25,"Kaas, vleeswaren, tapas/Salades/Huzaren-, vlees-, aardappelsalade, slaatje",https://www.plus.nl/product/ambachtelijke-keuken-pasta-tonijn-salade-bak-300-gram-395123,https://www.plus.nl/INTERSHOP/static/WFS/PLUS-website-Site/-/-/nl_NL/images/icon/default_img_ML.png,,21,1,https://www.plus.nl/producten/aardappelen-groente-fruit/aardappelen?PageNumber=1&PageSize=12,https://www.plus.nl/producten/aardappelen-groente-fruit/aardappelen
752947,Ambachtelijke Keuken Aardappel Mexicaans gehakt salade,Ambachtelijke Keuken,2.25,"Kaas, vleeswaren, tapas/Salades/Huzaren-, vlees-, aardappelsalade, slaatje",https://www.plus.nl/product/ambachtelijke-keuken-aardappel-mexicaans-gehakt-salade-bak-450-gram-752947,https://www.plus.nl/INTERSHOP/static/WFS/PLUS-website-Site/-/-/nl_NL/images/icon/default_img_ML.png,,22,1,https://www.plus.nl/producten/aardappelen-groente-fruit/aardappelen?PageNumber=1&PageSize=12,https://www.plus.nl/producten/aardappelen-groente-fruit/aardappelen
907022,PLUS Krieltjes,PLUS,0.85,"Aardappelen, groente, fruit/Aardappelen/Panklare aardappelen",https://www.plus.nl/product/plus-krieltjes-zak-500-gram-907022,https://www.plus.nl/INTERSHOP/static/WFS/PLUS-website-Site/-/-/nl_NL/images/icon/default_img_ML.png,Laagblijver,1,2,https://www.plus.nl/producten/aardappelen-groente-fruit/aardappelen?PageNumber=2&PageSize=12,https://www.plus.nl/producten/aardappelen-groente-fruit/aardappelen
984983,PLUS Vastkokende aardappelen,PLUS,5.99,"Aardappelen, groente, fruit/Aardappelen/Aardappelen ongeschild",https://www.plus.nl/product/plus-vastkokende-aardappelen-zak-5000-gram-984983,https://www.plus.nl/INTERSHOP/static/WFS/PLUS-website-Site/-/-/nl_NL/images/icon/default_img_ML.png,,2,2,https://www.plus.nl/producten/aardappelen-groente-fruit/aardappelen?PageNumber=2&PageSize=12,https://www.plus.nl/producten/aardappelen-groente-fruit/aardappelen
835236,PLUS Aardappelen kruimig (voorgekookt),PLUS,1.00,"Aardappelen, groente, fruit/Aardappelen/Panklare aardappelen",https://www.plus.nl/product/plus-aardappelen-kruimig-voorgekookt-zak-450-gram-835236,https://www.plus.nl/INTERSHOP/static/WFS/PLUS-website-Site/-/-/nl_NL/images/icon/default_img_ML.png,,3,2,https://www.plus.nl/producten/aardappelen-groente-fruit/aardappelen?PageNumber=2&PageSize=12,https://www.plus.nl/producten/aardappelen-groente-fruit/aardappelen
346412,PLUS Bourgondische minikrieltjes,PLUS,1.00,"Aardappelen, groente, fruit/Aardappelen/Panklare aardappelen",https://www.plus.nl/product/plus-bourgondische-minikrieltjes-zak-450-gram-346412,https://www.plus.nl/INTERSHOP/static/WFS/PLUS-website-Site/-/-/nl_NL/images/icon/default_img_ML.png,,4,2,https://www.plus.nl/producten/aardappelen-groente-fruit/aardappelen?PageNumber=2&PageSize=12,https://www.plus.nl/producten/aardappelen-groente-fruit/aardappelen
831037,PLUS Aardappelblokjes,PLUS,1.00,"Aardappelen, groente, fruit/Aardappelen/Panklare aardappelen",https://www.plus.nl/product/plus-aardappelblokjes-zak-450-gram-831037,https://www.plus.nl/INTERSHOP/static/WFS/PLUS-website-Site/-/-/nl_NL/images/icon/default_img_ML.png,,5,2,https://www.plus.nl/producten/aardappelen-groente-fruit/aardappelen?PageNumber=2&PageSize=12,https://www.plus.nl/producten/aardappelen-groente-fruit/aardappelen
346414,PLUS Aardappelpartjes in schil,PLUS,1.00,"Aardappelen, groente, fruit/Aardappelen/Panklare aardappelen",https://www.plus.nl/product/plus-aardappelpartjes-in-schil-zak-450-gram-346414,https://www.plus.nl/INTERSHOP/static/WFS/PLUS-website-Site/-/-/nl_NL/images/icon/default_img_ML.png,,6,2,https://www.plus.nl/producten/aardappelen-groente-fruit/aardappelen?PageNumber=2&PageSize=12,https://www.plus.nl/producten/aardappelen-groente-fruit/aardappelen
180680,PLUS Aardappelen kruimig (voorgekookt),PLUS,1.45,"Aardappelen, groente, fruit/Aardappelen/Panklare aardappelen",https://www.plus.nl/product/plus-aardappelen-kruimig-voorgekookt-zak-800-gram-180680,https://www.plus.nl/INTERSHOP/static/WFS/PLUS-website-Site/-/-/nl_NL/images/icon/default_img_ML.png,,7,2,https://www.plus.nl/producten/aardappelen-groente-fruit/aardappelen?PageNumber=2&PageSize=12,https://www.plus.nl/producten/aardappelen-groente-fruit/aardappelen
680935,Neutraal Aardappelen,,5.49,"Aardappelen, groente, fruit/Aardappelen/Aardappelen ongeschild",https://www.plus.nl/product/neutraal-aardappelen-zak-5-kilo-680935,https://www.plus.nl/INTERSHOP/static/WFS/PLUS-website-Site/-/-/nl_NL/images/icon/default_img_ML.png,Laagblijver,8,2,https://www.plus.nl/producten/aardappelen-groente-fruit/aardappelen?PageNumber=2&PageSize=12,https://www.plus.nl/producten/aardappelen-groente-fruit/aardappelen
490489,PLUS Zoete aardappel,PLUS,2.99,"Aardappelen, groente, fruit/Aardappelen/Aardappelen ongeschild",https://www.plus.nl/product/plus-zoete-aardappel-zak-1-kilo-490489,https://www.plus.nl/INTERSHOP/static/WFS/PLUS-website-Site/-/-/nl_NL/images/icon/default_img_ML.png,,9,2,https://www.plus.nl/producten/aardappelen-groente-fruit/aardappelen?PageNumber=2&PageSize=12,https://www.plus.nl/producten/aardappelen-groente-fruit/aardappelen
976035,PLUS Stoomkrieltjes,PLUS,1.79,"Aardappelen, groente, fruit/Aardappelen/Aardappelen ongeschild",https://www.plus.nl/product/plus-stoomkrieltjes-zak-500-gram-976035,https://www.plus.nl/INTERSHOP/static/WFS/PLUS-website-Site/-/-/nl_NL/images/icon/default_img_ML.png,,10,2,https://www.plus.nl/producten/aardappelen-groente-fruit/aardappelen?PageNumber=2&PageSize=12,https://www.plus.nl/producten/aardappelen-groente-fruit/aardappelen
220268,PLUS zoete aardappel,PLUS,2.58,"Aardappelen, groente, fruit/Aardappelen/Aardappelen ongeschild",https://www.plus.nl/product/plus-zoete-aardappel-1-kilo-220268,https://www.plus.nl/INTERSHOP/static/WFS/PLUS-website-Site/-/-/nl_NL/images/icon/default_img_ML.png,,11,2,https://www.plus.nl/producten/aardappelen-groente-fruit/aardappelen?PageNumber=2&PageSize=12,https://www.plus.nl/producten/aardappelen-groente-fruit/aardappelen
982640,PLUS Vrij vastkokende aardappelen,PLUS,3.59,"Aardappelen, groente, fruit/Aardappelen/Aardappelen ongeschild",https://www.plus.nl/product/plus-vrij-vastkokende-aardappelen-zak-2500-gram-982640,https://www.plus.nl/INTERSHOP/static/WFS/PLUS-website-Site/-/-/nl_NL/images/icon/default_img_ML.png,,12,2,https://www.plus.nl/producten/aardappelen-groente-fruit/aardappelen?PageNumber=2&PageSize=12,https://www.plus.nl/producten/aardappelen-groente-fruit/aardappelen
856392,PLUS Minikrieltjes 1-persoons,PLUS,0.65,"Aardappelen, groente, fruit/Aardappelen/Panklare aardappelen",https://www.plus.nl/product/plus-minikrieltjes-1-persoons-zak-200-gram-856392,https://www.plus.nl/INTERSHOP/static/WFS/PLUS-website-Site/-/-/nl_NL/images/icon/default_img_ML.png,,1,3,https://www.plus.nl/producten/aardappelen-groente-fruit/aardappelen?PageNumber=3&PageSize=12,https://www.plus.nl/producten/aardappelen-groente-fruit/aardappelen
517760,PLUS Minikrieltjes Griekse stijl,PLUS,0.99,"Aardappelen, groente, fruit/Aardappelen/Panklare aardappelen",https://www.plus.nl/product/plus-minikrieltjes-griekse-stijl-zak-450-gram-517760,https://www.plus.nl/INTERSHOP/static/WFS/PLUS-website-Site/-/-/nl_NL/images/icon/default_img_ML.png,,2,3,https://www.plus.nl/producten/aardappelen-groente-fruit/aardappelen?PageNumber=3&PageSize=12,https://www.plus.nl/producten/aardappelen-groente-fruit/aardappelen
180649,PLUS Aardappelgratin naturel,PLUS,1.99,"Aardappelen, groente, fruit/Aardappelen/Panklare aardappelen",https://www.plus.nl/product/plus-aardappelgratin-naturel-schaal-500-gram-180649,https://www.plus.nl/INTERSHOP/static/WFS/PLUS-website-Site/-/-/nl_NL/images/icon/default_img_ML.png,,3,3,https://www.plus.nl/producten/aardappelen-groente-fruit/aardappelen?PageNumber=3&PageSize=12,https://www.plus.nl/producten/aardappelen-groente-fruit/aardappelen
452224,PLUS Minikrieltjes roti kruiden,PLUS,0.89,"Aardappelen, groente, fruit/Aardappelen/Panklare aardappelen",https://www.plus.nl/product/plus-minikrieltjes-roti-kruiden-zak-450-gram-452224,https://www.plus.nl/INTERSHOP/static/WFS/PLUS-website-Site/-/-/nl_NL/images/icon/default_img_ML.png,,4,3,https://www.plus.nl/producten/aardappelen-groente-fruit/aardappelen?PageNumber=3&PageSize=12,https://www.plus.nl/producten/aardappelen-groente-fruit/aardappelen
831041,PLUS Aardappelschijfjes 1-persoons,PLUS,0.69,"Aardappelen, groente, fruit/Aardappelen/Panklare aardappelen",https://www.plus.nl/product/plus-aardappelschijfjes-1-persoons-zak-200-gram-831041,https://www.plus.nl/INTERSHOP/static/WFS/PLUS-website-Site/-/-/nl_NL/images/icon/default_img_ML.png,,5,3,https://www.plus.nl/producten/aardappelen-groente-fruit/aardappelen?PageNumber=3&PageSize=12,https://www.plus.nl/producten/aardappelen-groente-fruit/aardappelen
450879,PLUS Snelkookaardappelen,PLUS,2.99,"Aardappelen, groente, fruit/Aardappelen/Aardappelen ongeschild",https://www.plus.nl/product/plus-snelkookaardappelen-zak-1500-gram-450879,https://www.plus.nl/INTERSHOP/static/WFS/PLUS-website-Site/-/-/nl_NL/images/icon/default_img_ML.png,,6,3,https://www.plus.nl/producten/aardappelen-groente-fruit/aardappelen?PageNumber=3&PageSize=12,https://www.plus.nl/producten/aardappelen-groente-fruit/aardappelen
690057,CelaVita Oma's opbakaardappeltjes,CelaVita,1.99,"Aardappelen, groente, fruit/Aardappelen/Panklare aardappelen",https://www.plus.nl/product/celavita-oma-s-opbakaardappeltjes-zak-450-gram-690057,https://www.plus.nl/INTERSHOP/static/WFS/PLUS-website-Site/-/-/nl_NL/images/icon/default_img_ML.png,,7,3,https://www.plus.nl/producten/aardappelen-groente-fruit/aardappelen?PageNumber=3&PageSize=12,https://www.plus.nl/producten/aardappelen-groente-fruit/aardappelen
180648,PLUS Halve kriel met schil & Rozemarijn,PLUS,1.59,"Aardappelen, groente, fruit/Aardappelen/Panklare aardappelen",https://www.plus.nl/product/plus-halve-kriel-met-schil-rozemarijn-schaal-450-gram-180648,https://www.plus.nl/INTERSHOP/static/WFS/PLUS-website-Site/-/-/nl_NL/images/icon/default_img_ML.png,,8,3,https://www.plus.nl/producten/aardappelen-groente-fruit/aardappelen?PageNumber=3&PageSize=12,https://www.plus.nl/producten/aardappelen-groente-fruit/aardappelen
835238,PLUS Aardappelen vastkokend (voorgekookt),PLUS,1.00,"Aardappelen, groente, fruit/Aardappelen/Panklare aardappelen",https://www.plus.nl/product/plus-aardappelen-vastkokend-voorgekookt-zak-450-gram-835238,https://www.plus.nl/INTERSHOP/static/WFS/PLUS-website-Site/-/-/nl_NL/images/icon/default_img_ML.png,,9,3,https://www.plus.nl/producten/aardappelen-groente-fruit/aardappelen?PageNumber=3&PageSize=12,https://www.plus.nl/producten/aardappelen-groente-fruit/aardappelen
835222,PLUS Aardappelen stamppot (voorgekookt),PLUS,1.39,"Aardappelen, groente, fruit/Aardappelen/Panklare aardappelen",https://www.plus.nl/product/plus-aardappelen-stamppot-voorgekookt-zak-1000-gram-835222,https://www.plus.nl/INTERSHOP/static/WFS/PLUS-website-Site/-/-/nl_NL/images/icon/default_img_ML.png,,10,3,https://www.plus.nl/producten/aardappelen-groente-fruit/aardappelen?PageNumber=3&PageSize=12,https://www.plus.nl/producten/aardappelen-groente-fruit/aardappelen
980156,Biologisch PLUS Kruimige aardappelen biologisch,Biologisch PLUS,3.65,"Aardappelen, groente, fruit/Aardappelen/Aardappelen ongeschild",https://www.plus.nl/product/biologisch-plus-kruimige-aardappelen-biologisch-zak-2-kilo-980156,https://www.plus.nl/INTERSHOP/static/WFS/PLUS-website-Site/-/-/nl_NL/images/icon/default_img_ML.png,,11,3,https://www.plus.nl/producten/aardappelen-groente-fruit/aardappelen?PageNumber=3&PageSize=12,https://www.plus.nl/producten/aardappelen-groente-fruit/aardappelen
450907,PLUS Opperdoezer ronde aardappelen,PLUS,3.99,"Aardappelen, groente, fruit/Aardappelen/Aardappelen ongeschild",https://www.plus.nl/product/plus-opperdoezer-ronde-aardappelen-zak-1500-gram-450907,https://www.plus.nl/INTERSHOP/static/WFS/PLUS-website-Site/-/-/nl_NL/images/icon/default_img_ML.png,,12,3,https://www.plus.nl/producten/aardappelen-groente-fruit/aardappelen?PageNumber=3&PageSize=12,https://www.plus.nl/producten/aardappelen-groente-fruit/aardappelen
180650,PLUS Aardappelpuree,PLUS,1.79,"Aardappelen, groente, fruit/Aardappelen/Panklare aardappelen",https://www.plus.nl/product/plus-aardappelpuree-schaal-500-gram-180650,https://www.plus.nl/INTERSHOP/static/WFS/PLUS-website-Site/-/-/nl_NL/images/icon/default_img_ML.png,,1,4,https://www.plus.nl/producten/aardappelen-groente-fruit/aardappelen?PageNumber=4&PageSize=12,https://www.plus.nl/producten/aardappelen-groente-fruit/aardappelen
835240,PLUS Aardappelen vastkokend (voorgekookt),PLUS,1.45,"Aardappelen, groente, fruit/Aardappelen/Panklare aardappelen",https://www.plus.nl/product/plus-aardappelen-vastkokend-voorgekookt-zak-800-gram-835240,https://www.plus.nl/INTERSHOP/static/WFS/PLUS-website-Site/-/-/nl_NL/images/icon/default_img_ML.png,,2,4,https://www.plus.nl/producten/aardappelen-groente-fruit/aardappelen?PageNumber=4&PageSize=12,https://www.plus.nl/producten/aardappelen-groente-fruit/aardappelen
980154,Biologisch PLUS Vastkokende aardappelen biologisch,Biologisch PLUS,3.35,"Aardappelen, groente, fruit/Aardappelen/Aardappelen ongeschild",https://www.plus.nl/product/biologisch-plus-vastkokende-aardappelen-biologisch-zak-2-kilo-980154,https://www.plus.nl/INTERSHOP/static/WFS/PLUS-website-Site/-/-/nl_NL/images/icon/default_img_ML.png,,3,4,https://www.plus.nl/producten/aardappelen-groente-fruit/aardappelen?PageNumber=4&PageSize=12,https://www.plus.nl/producten/aardappelen-groente-fruit/aardappelen
450909,PLUS Aardappel van het seizoen,PLUS,3.99,"Aardappelen, groente, fruit/Aardappelen/Aardappelen ongeschild",https://www.plus.nl/product/plus-aardappel-van-het-seizoen-zak-1500-gram-450909,https://www.plus.nl/INTERSHOP/static/WFS/PLUS-website-Site/-/-/nl_NL/images/icon/default_img_ML.png,,4,4,https://www.plus.nl/producten/aardappelen-groente-fruit/aardappelen?PageNumber=4&PageSize=12,https://www.plus.nl/producten/aardappelen-groente-fruit/aardappelen
452204,PLUS Bistro minikrieltjes,PLUS,0.75,"Aardappelen, groente, fruit/Aardappelen/Panklare aardappelen",https://www.plus.nl/product/plus-bistro-minikrieltjes-zak-200-gram-452204,https://www.plus.nl/INTERSHOP/static/WFS/PLUS-website-Site/-/-/nl_NL/images/icon/default_img_ML.png,,5,4,https://www.plus.nl/producten/aardappelen-groente-fruit/aardappelen?PageNumber=4&PageSize=12,https://www.plus.nl/producten/aardappelen-groente-fruit/aardappelen
180676,PLUS Aardappelpartjes gekruid,PLUS,1.09,"Aardappelen, groente, fruit/Aardappelen/Panklare aardappelen",https://www.plus.nl/product/plus-aardappelpartjes-gekruid-zak-450-gram-180676,https://www.plus.nl/INTERSHOP/static/WFS/PLUS-website-Site/-/-/nl_NL/images/icon/default_img_ML.png,,6,4,https://www.plus.nl/producten/aardappelen-groente-fruit/aardappelen?PageNumber=4&PageSize=12,https://www.plus.nl/producten/aardappelen-groente-fruit/aardappelen
944973,PLUS Stoom rode krieltjes,PLUS,1.79,"Aardappelen, groente, fruit/Aardappelen/Aardappelen ongeschild",https://www.plus.nl/product/plus-stoom-rode-krieltjes-zak-500-gram-944973,https://www.plus.nl/INTERSHOP/static/WFS/PLUS-website-Site/-/-/nl_NL/images/icon/default_img_ML.png,,7,4,https://www.plus.nl/producten/aardappelen-groente-fruit/aardappelen?PageNumber=4&PageSize=12,https://www.plus.nl/producten/aardappelen-groente-fruit/aardappelen
180651,PLUS Aardappelgratin bieslook met kaas,PLUS,2.09,"Aardappelen, groente, fruit/Aardappelen/Panklare aardappelen",https://www.plus.nl/product/plus-aardappelgratin-bieslook-met-kaas-schaal-500-gram-180651,https://www.plus.nl/INTERSHOP/static/WFS/PLUS-website-Site/-/-/nl_NL/images/icon/default_img_ML.png,,8,4,https://www.plus.nl/producten/aardappelen-groente-fruit/aardappelen?PageNumber=4&PageSize=12,https://www.plus.nl/producten/aardappelen-groente-fruit/aardappelen
450873,PLUS Stamppotaardappelen,PLUS,2.99,"Aardappelen, groente, fruit/Aardappelen/Aardappelen ongeschild",https://www.plus.nl/product/plus-stamppotaardappelen-zak-1500-gram-450873,https://www.plus.nl/INTERSHOP/static/WFS/PLUS-website-Site/-/-/nl_NL/images/icon/default_img_ML.png,,9,4,https://www.plus.nl/producten/aardappelen-groente-fruit/aardappelen?PageNumber=4&PageSize=12,https://www.plus.nl/producten/aardappelen-groente-fruit/aardappelen
520864,PLUS Verse steakhouse frites,PLUS,1.39,"Aardappelen, groente, fruit/Aardappelen/Panklare aardappelen",https://www.plus.nl/product/plus-verse-steakhouse-frites-zak-700-gram-520864,https://www.plus.nl/INTERSHOP/static/WFS/PLUS-website-Site/-/-/nl_NL/images/icon/default_img_ML.png,,10,4,https://www.plus.nl/producten/aardappelen-groente-fruit/aardappelen?PageNumber=4&PageSize=12,https://www.plus.nl/producten/aardappelen-groente-fruit/aardappelen
450867,PLUS Frietaardappelen,PLUS,2.99,"Aardappelen, groente, fruit/Aardappelen/Aardappelen ongeschild",https://www.plus.nl/product/plus-frietaardappelen-zak-1500-gram-450867,https://www.plus.nl/INTERSHOP/static/WFS/PLUS-website-Site/-/-/nl_NL/images/icon/default_img_ML.png,,11,4,https://www.plus.nl/producten/aardappelen-groente-fruit/aardappelen?PageNumber=4&PageSize=12,https://www.plus.nl/producten/aardappelen-groente-fruit/aardappelen
373603,PLUS Pofaardappel met knoflooksaus,PLUS,1.99,"Aardappelen, groente, fruit/Aardappelen/Panklare aardappelen",https://www.plus.nl/product/plus-pofaardappel-met-knoflooksaus-schaal-470-gram-373603,https://www.plus.nl/INTERSHOP/static/WFS/PLUS-website-Site/-/-/nl_NL/images/icon/default_img_ML.png,,12,4,https://www.plus.nl/producten/aardappelen-groente-fruit/aardappelen?PageNumber=4&PageSize=12,https://www.plus.nl/producten/aardappelen-groente-fruit/aardappelen
556766,PLUS Aardappelschijfjes Italiaanse stijl,PLUS,0.99,"Aardappelen, groente, fruit/Aardappelen/Panklare aardappelen",https://www.plus.nl/product/plus-aardappelschijfjes-italiaanse-stijl-zak-450-gram-556766,https://www.plus.nl/INTERSHOP/static/WFS/PLUS-website-Site/-/-/nl_NL/images/icon/default_img_ML.png,,1,5,https://www.plus.nl/producten/aardappelen-groente-fruit/aardappelen?PageNumber=5&PageSize=12,https://www.plus.nl/producten/aardappelen-groente-fruit/aardappelen
690077,CelaVita Oma's opbakaardappeltjes rode schil,CelaVita,1.79,"Aardappelen, groente, fruit/Aardappelen/Panklare aardappelen",https://www.plus.nl/product/celavita-oma-s-opbakaardappeltjes-rode-schil-zak-450-gram-690077,https://www.plus.nl/INTERSHOP/static/WFS/PLUS-website-Site/-/-/nl_NL/images/icon/default_img_ML.png,,2,5,https://www.plus.nl/producten/aardappelen-groente-fruit/aardappelen?PageNumber=5&PageSize=12,https://www.plus.nl/producten/aardappelen-groente-fruit/aardappelen
421622,CelaVita Minikrieltjes,CelaVita,1.59,"Aardappelen, groente, fruit/Aardappelen/Panklare aardappelen",https://www.plus.nl/product/celavita-minikrieltjes-zak-450-gram-421622,https://www.plus.nl/INTERSHOP/static/WFS/PLUS-website-Site/-/-/nl_NL/images/icon/default_img_ML.png,,3,5,https://www.plus.nl/producten/aardappelen-groente-fruit/aardappelen?PageNumber=5&PageSize=12,https://www.plus.nl/producten/aardappelen-groente-fruit/aardappelen
450897,PLUS Rouge aardappelen,PLUS,2.19,"Aardappelen, groente, fruit/Aardappelen/Aardappelen ongeschild",https://www.plus.nl/product/plus-rouge-aardappelen-zak-1000-gram-450897,https://www.plus.nl/INTERSHOP/static/WFS/PLUS-website-Site/-/-/nl_NL/images/icon/default_img_ML.png,,4,5,https://www.plus.nl/producten/aardappelen-groente-fruit/aardappelen?PageNumber=5&PageSize=12,https://www.plus.nl/producten/aardappelen-groente-fruit/aardappelen
421636,CelaVita Verse friet met schil,CelaVita,1.99,"Aardappelen, groente, fruit/Aardappelen/Panklare aardappelen",https://www.plus.nl/product/celavita-verse-friet-met-schil-zak-700-gram-421636,https://www.plus.nl/INTERSHOP/static/WFS/PLUS-website-Site/-/-/nl_NL/images/icon/default_img_ML.png,,5,5,https://www.plus.nl/producten/aardappelen-groente-fruit/aardappelen?PageNumber=5&PageSize=12,https://www.plus.nl/producten/aardappelen-groente-fruit/aardappelen
520862,PLUS Verse frites in de schil,PLUS,1.19,"Aardappelen, groente, fruit/Aardappelen/Panklare aardappelen",https://www.plus.nl/product/plus-verse-frites-in-de-schil-zak-700-gram-520862,https://www.plus.nl/INTERSHOP/static/WFS/PLUS-website-Site/-/-/nl_NL/images/icon/default_img_ML.png,,6,5,https://www.plus.nl/producten/aardappelen-groente-fruit/aardappelen?PageNumber=5&PageSize=12,https://www.plus.nl/producten/aardappelen-groente-fruit/aardappelen
349467,Biologisch PLUS Vastkokende aardappelen biologisch,Biologisch PLUS,2.39,"Aardappelen, groente, fruit/Aardappelen/Aardappelen ongeschild",https://www.plus.nl/product/biologisch-plus-vastkokende-aardappelen-biologisch-zak-1-kilo-349467,https://www.plus.nl/INTERSHOP/static/WFS/PLUS-website-Site/-/-/nl_NL/images/icon/default_img_ML.png,,7,5,https://www.plus.nl/producten/aardappelen-groente-fruit/aardappelen?PageNumber=5&PageSize=12,https://www.plus.nl/producten/aardappelen-groente-fruit/aardappelen
349465,Biologisch PLUS Biologische aardappelen,Biologisch PLUS,2.39,"Aardappelen, groente, fruit/Aardappelen/Aardappelen ongeschild",https://www.plus.nl/product/biologisch-plus-biologische-aardappelen-zak-1-kilo-349465,https://www.plus.nl/INTERSHOP/static/WFS/PLUS-website-Site/-/-/nl_NL/images/icon/default_img_ML.png,,8,5,https://www.plus.nl/producten/aardappelen-groente-fruit/aardappelen?PageNumber=5&PageSize=12,https://www.plus.nl/producten/aardappelen-groente-fruit/aardappelen
429220,Biologisch PLUS Zoete aardappel biologisch,Biologisch PLUS,2.15,"Aardappelen, groente, fruit/Aardappelen/Aardappelen ongeschild",https://www.plus.nl/product/biologisch-plus-zoete-aardappel-biologisch-schaal-500-gram-429220,https://www.plus.nl/INTERSHOP/static/WFS/PLUS-website-Site/-/-/nl_NL/images/icon/default_img_ML.png,,9,5,https://www.plus.nl/producten/aardappelen-groente-fruit/aardappelen?PageNumber=5&PageSize=12,https://www.plus.nl/producten/aardappelen-groente-fruit/aardappelen
452200,PLUS Verse Franse frites,PLUS,1.55,"Aardappelen, groente, fruit/Aardappelen/Panklare aardappelen",https://www.plus.nl/product/plus-verse-franse-frites-zak-1000-gram-452200,https://www.plus.nl/INTERSHOP/static/WFS/PLUS-website-Site/-/-/nl_NL/images/icon/default_img_ML.png,,10,5,https://www.plus.nl/producten/aardappelen-groente-fruit/aardappelen?PageNumber=5&PageSize=12,https://www.plus.nl/producten/aardappelen-groente-fruit/aardappelen
450893,PLUS Gourmande aardappelen,PLUS,2.19,"Aardappelen, groente, fruit/Aardappelen/Aardappelen ongeschild",https://www.plus.nl/product/plus-gourmande-aardappelen-zak-1000-gram-450893,https://www.plus.nl/INTERSHOP/static/WFS/PLUS-website-Site/-/-/nl_NL/images/icon/default_img_ML.png,,11,5,https://www.plus.nl/producten/aardappelen-groente-fruit/aardappelen?PageNumber=5&PageSize=12,https://www.plus.nl/producten/aardappelen-groente-fruit/aardappelen
451039,PLUS Aardappelgolfjes Indiase stijl,PLUS,0.89,"Aardappelen, groente, fruit/Aardappelen/Panklare aardappelen",https://www.plus.nl/product/plus-aardappelgolfjes-indiase-stijl-zak-450-gram-451039,https://www.plus.nl/INTERSHOP/static/WFS/PLUS-website-Site/-/-/nl_NL/images/icon/default_img_ML.png,,12,5,https://www.plus.nl/producten/aardappelen-groente-fruit/aardappelen?PageNumber=5&PageSize=12,https://www.plus.nl/producten/aardappelen-groente-fruit/aardappelen
